{"optimal_solution_eval_list": [0.9478606864399192], "all_solution_list": [{"pop_list": [{"payment": 8, "function_id": "[2]", "city": "hakodate", "seeds": "[123,42,256]", "family_type_id": [0, 1, 2, 3, 4, 50, 60, 80], "role_household_type_id": [0, 1, 10, 20, 21, 30, 31], "industry_type_id": [-1, 20, 30, 40, 50, 70, 80, 100, 120, 130, 160, 180, 190, 200], "employment_type_id": [-1, 10, 20, 30], "company_size_id": [-1, 5, 10, 100, 1000]}, {"payment": 2, "function_id": "[2]", "city": "hakodate", "seeds": "[123,42,256]", "family_type_id": [0, 1, 2, 3, 4, 50, 60, 70, 80], "role_household_type_id": [0, 1, 11, 20, 21], "industry_type_id": [-1, 10, 20, 30, 40, 50, 60, 70, 80, 90, 100, 110, 120, 130, 140, 150, 160, 170, 180, 190, 200], "employment_type_id": [-1], "company_size_id": [-1, 5, 10, 100, 1000]}], "eval_list": [{"objective": 1, "feasible": false, "info": [null, null, null, null, null, null, null, null, null, null, null, null, null, null, null, null, null, null, null, null, null, null, null, null, null, null, null]}, {"objective": 0.9478606864399192, "feasible": true, "info": [0.948345648392153, 0.9483120909404066, 0.9477608085538662, 0.9479075212174424, 0.9476237998554664, 0.9479927007299269, 0.9479109306167401, 0.9481749311294766, 0.9476529013822664, 0.947430168561619, 0.9469896981933011, 0.9472059330803725, 0.9469989651604002, 0.9471795137271144, 0.9469452544039753, 0.9470488806098866, 0.9471967696847335, 0.9472957819373761, 0.9484963764997504, 0.9483506645547828, 0.9486133347105303, 0.9486671717867474, 0.9484239701148237, 0.9484924623115577, 0.948427521388119, 0.9484227373638289, 0.9483719969711573]}]}]}